Submission id,Participant id,Status,Custom study tncs accepted at,Started at,Completed at,Reviewed at,Archived at,Time taken,Completion code,Total approvals,Age,Sex,Ethnicity simplified,Country of birth,Country of residence,Nationality,Language,Student status,Employment status
671bbeb5a32a7c735411e946,661a51225587ca83a6f23a5c,APPROVED,Not Applicable,2024-10-25T15:52:29.190000Z,2024-10-25T16:20:07.774000Z,2024-10-31T11:17:12.119000Z,2024-10-25T16:21:11.869754Z,1659,C1DDOZYB,89,27,Male,Other,Turkey,Slovakia,Turkey,Turkish,DATA_EXPIRED,Full-Time
671bbec899f50b6d9be55d39,66928067261ded863ece488a,APPROVED,Not Applicable,2024-10-25T15:52:50.409000Z,2024-10-25T16:32:12.338000Z,2024-10-31T11:17:12.584000Z,2024-10-25T16:32:39.629048Z,2362,C1DDOZYB,65,53,Female,White,South Africa,South Africa,South Africa,English,No,Other
671bc2a87457d291e9571289,66ae2dd6488350b28059766d,APPROVED,Not Applicable,2024-10-25T16:09:19.839000Z,2024-10-25T17:07:26.761000Z,2024-10-31T11:17:12.876000Z,2024-10-25T17:08:41.752010Z,3487,C1DDOZYB,76,27,Female,Black,South Africa,South Africa,South Africa,English,Yes,Full-Time
671bc2a927c1c88099908a3a,6651e121d7e2f992bc6b311c,APPROVED,Not Applicable,2024-10-25T16:11:05.088000Z,2024-10-25T16:34:31.061000Z,2024-10-31T11:17:13.197000Z,2024-10-25T16:34:31.996597Z,1406,C1DDOZYB,107,27,Female,Asian,Philippines,Spain,Philippines,English,No,Full-Time
671bc37a6322c15388b1d724,66cdd5081e9587a0cd369526,APPROVED,Not Applicable,2024-10-25T16:12:48.122000Z,2024-10-25T16:47:48.638000Z,2024-10-31T11:17:13.499000Z,2024-10-25T16:49:46.643399Z,2101,C1DDOZYB,35,28,Female,White,South Africa,South Africa,South Africa,English,Yes,Unemployed (and job seeking)
671bc382036e98c7956f827e,5dceec6957069f03f4e012a2,APPROVED,Not Applicable,2024-10-25T16:12:50.656000Z,2024-10-25T16:42:37.463000Z,2024-10-31T11:17:13.819000Z,2024-10-25T16:43:18.436522Z,1787,C1DDOZYB,845,32,Male,White,Belgium,Belgium,Belgium,Dutch,No,Full-Time
671bc49f4509b9a624b96ae7,66ce541cd8da920539a1c3cc,APPROVED,Not Applicable,2024-10-25T16:17:35.103000Z,2024-10-25T16:58:10.931000Z,2024-10-31T11:17:14.217000Z,2024-10-25T16:58:23.139413Z,2436,C1DDOZYB,65,20,Male,Black,Morocco,Morocco,Morocco,Arabic,No,Part-Time
671bd0293f2ccf14c72aa568,64e76ad4ce316de314ca559b,APPROVED,Not Applicable,2024-10-25T17:06:55.767000Z,2024-10-25T17:53:39.795000Z,2024-10-31T11:17:14.525000Z,2024-10-25T17:56:19.386538Z,2805,C1DDOZYB,519,50,Male,White,Hungary,Hungary,Hungary,Hungarian,No,Full-Time
671bd06e86043592965a5b2a,57acc170c6bab4000172a42e,APPROVED,Not Applicable,2024-10-25T17:09:23.276000Z,2024-10-25T17:36:29.796000Z,2024-10-31T11:17:14.808000Z,2024-10-25T17:36:30.323301Z,1627,C1DDOZYB,2009,33,Female,White,United Kingdom,United Kingdom,United Kingdom,English,DATA_EXPIRED,DATA_EXPIRED
671bd814b8bc31b9b0a3a84a,65cf6d8a589a67afcab54e6f,APPROVED,Not Applicable,2024-10-25T17:42:35.713000Z,2024-10-25T18:07:28.807000Z,2024-10-31T11:17:15.090000Z,2024-10-25T18:07:43.957381Z,1494,C1DDOZYB,344,34,Male,White,Greece,Greece,Greece,Greek,No,Part-Time
671cab0870c13868fc01c405,60984a1b0cce76d16c4ca781,APPROVED,Not Applicable,2024-10-26T08:40:40.945000Z,2024-10-26T09:02:42.557000Z,2024-10-31T11:17:15.377000Z,2024-10-26T09:02:52.959277Z,1322,C1DDOZYB,1318,35,Female,White,Spain,Spain,Spain,Spanish,Yes,Full-Time
671cab0b40b37c7af16df976,65fb1956881e150004121abc,APPROVED,Not Applicable,2024-10-26T08:40:58.480000Z,2024-10-26T09:26:02.275000Z,2024-10-31T11:17:15.648000Z,2024-10-26T09:26:22.206803Z,2704,C1DDOZYB,29,27,Male,Black,Kenya,Kenya,Kenya,English,No,Other
671cab0fcb716d8cd6648b62,66cb20895fabec35a88e5291,APPROVED,Not Applicable,2024-10-26T08:41:43.037000Z,2024-10-26T09:44:12.807000Z,2024-10-31T11:17:16.184000Z,2024-10-26T09:46:28.717423Z,3750,C1DDOZYB,136,49,Female,White,United Kingdom,United Kingdom,United Kingdom,English,No,Part-Time
671cabfd8d56f868207f7e9d,665823c64d8acc7211fd01ec,APPROVED,Not Applicable,2024-10-26T08:45:44.604000Z,2024-10-26T09:43:06.397000Z,2024-10-31T11:17:16.527000Z,2024-10-26T09:44:49.458947Z,3442,C1DDOZYB,240,28,Male,Black,Kenya,Canada,Kenya,English,Yes,Part-Time
671cac00e1d1abd966ff6250,6717f8223b8a0faf46833b5c,APPROVED,Not Applicable,2024-10-26T08:45:07.289000Z,2024-10-26T09:32:50.402000Z,2024-10-31T11:17:16.875000Z,2024-10-26T09:34:24.930590Z,2864,C1DDOZYB,15,39,Male,Black,Nigeria,United Kingdom,Nigeria,English,No,Full-Time
671cad712ba7384f9b4546db,667ac09492ea0caadf488520,APPROVED,Not Applicable,2024-10-26T08:50:57.520000Z,2024-10-26T09:24:44.975000Z,2024-10-31T11:17:17.147000Z,2024-10-26T09:24:45.568832Z,2028,C1DDOZYB,117,24,Female,Black,South Africa,South Africa,South Africa,English,Yes,Full-Time
671caf010a507c272f05d829,669d449827367ae721b66420,APPROVED,Not Applicable,2024-10-26T08:57:42.370000Z,2024-10-26T09:57:02.470000Z,2024-10-31T11:17:17.413000Z,2024-10-26T09:58:32.014714Z,3561,C1DDOZYB,57,33,Female,White,Portugal,Portugal,Portugal,Portuguese,No,"Not in paid work (e.g. homemaker', 'retired or disabled)"
671caf2a74b3f586c4928ef2,601a13974cfca921da8a5189,APPROVED,Not Applicable,2024-10-26T08:58:23.578000Z,2024-10-26T09:56:53.277000Z,2024-10-31T11:17:17.740000Z,2024-10-26T09:56:53.911403Z,3510,C1DDOZYB,390,32,Male,White,United Kingdom,United Kingdom,United Kingdom,English,Yes,Part-Time
671caf2c200905c4df9e204f,6686a087a01de8707ece8936,APPROVED,Not Applicable,2024-10-26T08:58:20.361000Z,2024-10-26T10:07:44.226000Z,2024-10-31T11:17:18.013000Z,2024-10-26T10:07:45.009919Z,4164,C1DDOZYB,88,21,Male,Mixed,South Africa,South Africa,South Africa,English,No,Full-Time
671cb03ed5b7ecf82d52c370,60b8f2c365ec36a3395896b6,APPROVED,Not Applicable,2024-10-26T09:02:56.423000Z,2024-10-26T09:44:36.204000Z,2024-10-31T11:17:18.274000Z,2024-10-26T09:46:34.143003Z,2500,C1DDOZYB,2339,53,Female,White,United Kingdom,United Kingdom,United Kingdom,English,DATA_EXPIRED,Part-Time
671cb5810a507c272f05d9bd,5eb6a780ed6bf75a19b99e8d,APPROVED,Not Applicable,2024-10-26T09:28:12.462000Z,2024-10-26T10:01:52.736000Z,2024-10-31T11:17:18.557000Z,2024-10-26T10:04:21.415798Z,2021,C1DDOZYB,289,22,Female,White,Italy,Italy,Italy,Italian,Yes,"Not in paid work (e.g. homemaker', 'retired or disabled)"
671cb5b6355f8f1efaf71ea5,65f33586e630ca372dfc96f8,APPROVED,Not Applicable,2024-10-26T09:28:32.821000Z,2024-10-26T10:14:56.382000Z,2024-10-31T11:17:18.840000Z,2024-10-26T10:15:24.399316Z,2784,C1DDOZYB,139,21,Male,Asian,India,India,India,Hindi,No,Full-Time
671cb8f8f9e7ffc0d41da37e,60cdae5d942a76a98eba611a,APPROVED,Not Applicable,2024-10-26T09:41:26.262000Z,2024-10-26T10:29:38.583000Z,2024-10-31T11:17:19.107000Z,2024-10-27T13:01:41.018375Z,2893,C1DDOZYB,868,37,Female,Black,Zimbabwe,South Africa,South Africa,English,No,Full-Time
671cb9c978c1624a723eba72,667ae80e80489af32edd22bc,APPROVED,Not Applicable,2024-10-26T09:44:00.517000Z,2024-10-26T10:15:21.661000Z,2024-10-31T11:17:19.381000Z,2024-10-26T10:15:35.339401Z,1882,C1DDOZYB,80,29,Male,White,Poland,Poland,Poland,Polish,No,Full-Time
671cc3b7dc0489faede58fe3,5e1b2b3e4a955b350b1e0a63,APPROVED,Not Applicable,2024-10-26T10:26:35.250000Z,2024-10-26T10:53:18.373000Z,2024-10-31T11:17:19.742000Z,2024-10-26T10:53:20.627272Z,1604,C1DDOZYB,3183,35,Male,White,United Kingdom,United Kingdom,United Kingdom,English,No,Full-Time
671cc3cff651eede3c043def,609d1ddf6aa3ba55f1bf4267,APPROVED,Not Applicable,2024-10-26T10:26:33.531000Z,2024-10-26T11:08:50.639000Z,2024-10-31T11:17:20.019000Z,2024-10-26T11:12:00.561031Z,2538,C1DDOZYB,2514,47,Male,White,United Kingdom,United Kingdom,United Kingdom,English,No,Full-Time
671cc3d278c1624a723ebca0,66cf23e7fcc02fb37eaa4acd,APPROVED,Not Applicable,2024-10-26T10:26:48.604000Z,2024-10-26T11:10:51.892000Z,2024-10-31T11:17:20.312000Z,2024-10-26T11:12:15.062675Z,2644,C1DDOZYB,12,29,Female,Black,South Africa,South Africa,South Africa,English,No,"Not in paid work (e.g. homemaker', 'retired or disabled)"
671cc3d5fb24a40bd2501ee1,66e84a9aeb1250e4e671ae2c,APPROVED,Not Applicable,2024-10-26T10:26:54.765000Z,2024-10-26T10:55:31.998000Z,2024-10-31T11:17:20.579000Z,2024-10-26T10:55:32.777311Z,1718,C1DDOZYB,88,38,Female,White,United Kingdom,United Kingdom,United Kingdom,English,No,Full-Time
671cc418c6f5d2e81501cc7e,65f9ad9041f0b16004a4e76d,APPROVED,Not Applicable,2024-10-26T10:27:55.972000Z,2024-10-26T11:09:33.925000Z,2024-10-31T11:17:20.870000Z,2024-10-26T11:12:02.840866Z,2498,C1DDOZYB,332,38,Male,White,Germany,Germany,Germany,German,Yes,Other
671cd9fbcb716d8cd6649bfb,605de3af48d7a575adb95b09,APPROVED,Not Applicable,2024-10-26T12:07:43.810000Z,2024-10-26T12:42:09.961000Z,2024-10-31T11:17:21.156000Z,2024-10-26T12:42:31.081155Z,2067,C1DDOZYB,1656,24,Male,Asian,India,South Africa,India,English,No,Unemployed (and job seeking)
671cda01c6f5d2e81501d219,6609688e8e4fe9698ab13a66,APPROVED,Not Applicable,2024-10-26T12:01:47.026000Z,2024-10-26T12:33:58.562000Z,2024-10-31T11:17:21.447000Z,2024-10-26T12:33:59.445621Z,1932,C1DDOZYB,475,42,Male,White,Canada,Canada,Canada,English,No,Full-Time
671cda26e1d1abd966ff6d70,65d8c0c009db13d9ef766969,APPROVED,Not Applicable,2024-10-26T12:01:51.118000Z,2024-10-26T12:33:03.045000Z,2024-10-31T11:17:21.786000Z,2024-10-26T12:33:03.822570Z,1872,C1DDOZYB,252,37,Female,White,Canada,Canada,Canada,English,No,"Not in paid work (e.g. homemaker', 'retired or disabled)"
671cda76d5b7ecf82d52cd9f,664e47ab15b1ab53db8c6676,APPROVED,Not Applicable,2024-10-26T12:03:45.362000Z,2024-10-26T13:07:01.070000Z,2024-10-31T11:17:22.117000Z,2024-10-26T13:07:21.209085Z,3796,C1DDOZYB,4,25,Male,Black,South Africa,South Africa,South Africa,English,No,Unemployed (and job seeking)
671cdb98bc992b9a65844c1c,59ccd702faf42e00012b68f5,APPROVED,Not Applicable,2024-10-26T12:07:57.212000Z,2024-10-26T12:38:01.293000Z,2024-10-31T11:17:22.964000Z,2024-10-26T12:40:39.901870Z,1805,C1DDOZYB,2354,29,Male,White,United Kingdom,United Kingdom,United Kingdom,English,No,Unemployed (and job seeking)
671cdba6bb39dda9a3e60b07,6686a110135b1a9aca0610ad,APPROVED,Not Applicable,2024-10-26T12:08:44.906000Z,2024-10-26T12:45:50.428000Z,2024-10-31T11:17:23.225000Z,2024-10-26T12:45:51.131982Z,2226,C1DDOZYB,194,40,Female,Asian,China,Canada,Canada,English,Yes,Full-Time
671cdc69129e7525cd9846c9,614b11e399369a0d52b5fbf6,APPROVED,Not Applicable,2024-10-26T12:11:21.950000Z,2024-10-26T13:34:14.340000Z,2024-10-31T11:17:23.486000Z,2024-10-26T13:34:58.299297Z,4973,C1DDOZYB,2649,32,Male,Asian,United Kingdom,United Kingdom,United Kingdom,English,No,Full-Time
671cdc7f70ec9e11a22dc73c,5d553414092f860001ceb313,APPROVED,Not Applicable,2024-10-26T12:11:47.866000Z,2024-10-26T12:33:57.583000Z,2024-10-31T11:17:23.748000Z,2024-10-26T12:33:58.261157Z,1330,C1DDOZYB,832,26,Male,White,Poland,Poland,Poland,Polish,No,Full-Time
671cdcaa090df13378b22a73,66e06c7b4a7eebfa91ecc2d1,APPROVED,Not Applicable,2024-10-26T12:12:44.810000Z,2024-10-26T13:02:00.959000Z,2024-10-31T11:17:24.037000Z,2024-10-26T13:02:41.897502Z,2957,C1DDOZYB,12,20,Male,Black,South Africa,South Africa,South Africa,English,Yes,Other
671cdf915dd69ce9fab75340,660d5af29e8f6f8ac3be3749,APPROVED,Not Applicable,2024-10-26T12:24:58.156000Z,2024-10-26T12:49:32.675000Z,2024-10-31T11:17:24.356000Z,2024-10-26T12:51:50.459427Z,1475,C1DDOZYB,405,46,Male,White,United Kingdom,United Kingdom,Ireland,English,No,Full-Time
671ce17fd3216eaaac4591a3,65dca445b7cc34ec8acfc80f,APPROVED,Not Applicable,2024-10-26T12:33:03.058000Z,2024-10-26T12:54:20.987000Z,2024-10-31T11:17:24.653000Z,2024-10-26T12:54:21.717000Z,1278,C1DDOZYB,539,29,Male,Mixed,United Kingdom,United Kingdom,United Kingdom,English,No,Due to start a new job within the next month
671ce1f5f1d0c7f007de6e12,66576ba96f27714bd610c4a1,APPROVED,Not Applicable,2024-10-26T12:35:08.441000Z,2024-10-26T13:25:31.535000Z,2024-10-31T11:17:24.974000Z,2024-10-26T13:27:07.958951Z,3024,C1DDOZYB,234,36,Female,White,United Kingdom,United Kingdom,United Kingdom,Scots,Yes,Part-Time
671ce21f2d5f8ad267debb70,666385ac665424f2b86186cd,APPROVED,Not Applicable,2024-10-26T12:41:08.371000Z,2024-10-26T13:08:40.173000Z,2024-10-31T11:17:25.268000Z,2024-10-26T13:09:28.982828Z,1652,C1DDOZYB,585,46,Female,White,Germany,United States,Germany,German,No,Full-Time
671ce2b0e0d52f915c7542d4,669bbf93896ecc9457721b1a,APPROVED,Not Applicable,2024-10-26T12:38:41.998000Z,2024-10-26T13:28:42.822000Z,2024-10-31T11:14:20.820000Z,2024-10-26T13:30:31.849528Z,3001,NOCODE,37,29,Female,Black,South Africa,South Africa,South Africa,English,No,Full-Time
671ce3e36d2a1701c97d01b8,650876be747398fcb416369d,APPROVED,Not Applicable,2024-10-26T12:43:24.148000Z,2024-10-26T13:19:59.029000Z,2024-10-31T11:17:25.530000Z,2024-10-26T13:19:59.805758Z,2195,C1DDOZYB,379,34,Female,White,France,France,France,French,No,Full-Time
671ce47f5e23f895f7fa9d76,6676d9896e61a67cf6987362,APPROVED,Not Applicable,2024-10-26T12:45:51.201000Z,2024-10-26T13:31:00.631000Z,2024-10-31T11:17:25.801000Z,2024-10-26T13:31:08.920820Z,2710,C1DDOZYB,75,24,Male,Black,South Africa,South Africa,South Africa,English,No,Full-Time
671ce587bf9ca032aba04cae,5f11ccbc1a1a2c08b4a99efb,APPROVED,Not Applicable,2024-10-26T12:50:21.749000Z,2024-10-26T13:18:12.583000Z,2024-10-31T11:17:26.071000Z,2024-10-26T13:18:13.115073Z,1671,C1DDOZYB,786,23,Female,White,Italy,Italy,Italy,Italian,Yes,Full-Time
671ce6c3e1d9b3b7a761c957,66d29886c53f1949f8275cba,APPROVED,Not Applicable,2024-10-26T12:55:48.517000Z,2024-10-26T13:36:27.739000Z,2024-10-31T11:17:26.384000Z,2024-10-26T13:36:34.420021Z,2440,C1DDOZYB,79,30,Male,White,Canada,Canada,Canada,English,No,"Not in paid work (e.g. homemaker', 'retired or disabled)"
671ce858f9e7ffc0d41daf10,58bfee7de5869400018f5e9e,APPROVED,Not Applicable,2024-10-26T13:02:23.720000Z,2024-10-26T13:37:40.361000Z,2024-10-31T11:17:26.682000Z,2024-10-26T13:37:40.848624Z,2117,C1DDOZYB,2597,38,Male,White,France,United Kingdom,France,French,DATA_EXPIRED,DATA_EXPIRED
671ce9982ba7384f9b455785,6522aa27ac7a320c1d244698,APPROVED,Not Applicable,2024-10-26T13:07:50.478000Z,2024-10-26T13:36:28.421000Z,2024-10-31T11:17:26.976000Z,2024-10-26T13:36:34.487321Z,1718,C1DDOZYB,197,31,Male,White,Portugal,Portugal,Portugal,Portuguese,No,Full-Time
671ce9d84bb11257ce4bb4d7,5a541218eedc32000142254b,APPROVED,Not Applicable,2024-10-26T13:09:56.810000Z,2024-10-26T13:40:06.286000Z,2024-10-31T11:17:27.235000Z,2024-10-26T13:40:24.432163Z,1810,C1DDOZYB,759,41,Female,White,Italy,Italy,Italy,Italian,No,Part-Time
671cec1a81b62eb79a412bc5,6571fd9d691befe21fa61d18,APPROVED,Not Applicable,2024-10-26T13:21:34.220000Z,2024-10-26T14:07:35.612000Z,2024-10-31T11:17:27.516000Z,2024-10-26T14:08:29.231178Z,2762,C1DDOZYB,669,54,Male,White,United Kingdom,United Kingdom,United Kingdom,English,No,Full-Time
671cee3a033d773430fa626a,65fda4aa45ba55e983e2a2d9,APPROVED,Not Applicable,2024-10-26T13:27:29.320000Z,2024-10-26T14:00:44.635000Z,2024-10-31T11:17:27.825000Z,2024-10-26T14:00:47.291666Z,1996,C1DDOZYB,162,33,Male,Asian,India,India,India,Hindi,No,Part-Time
671cef165e23f895f7fa9fec,66b8b88e1cc1007785c3d26d,APPROVED,Not Applicable,2024-10-26T13:31:25.738000Z,2024-10-26T14:04:03.532000Z,2024-10-31T11:17:28.196000Z,2024-10-26T14:06:34.474113Z,1958,C1DDOZYB,53,28,Male,White,Portugal,Portugal,Portugal,Portuguese,No,Full-Time
671cf0c6f883fe3c3ae81f7d,5ea01c7e792cdc00099748d6,APPROVED,Not Applicable,2024-10-26T13:38:20.465000Z,2024-10-26T14:06:41.894000Z,2024-10-31T11:17:28.456000Z,2024-10-26T14:06:53.791778Z,1702,C1DDOZYB,2414,57,Female,White,United Kingdom,United Kingdom,United Kingdom,English,DATA_EXPIRED,DATA_EXPIRED
671cfe035e23f895f7faa2dd,5f514593ea1e87365b9cb05f,APPROVED,Not Applicable,2024-10-26T14:35:53.286000Z,2024-10-26T15:57:58.932000Z,2024-10-31T11:17:28.713000Z,2024-10-26T15:57:59.591729Z,4926,C1DDOZYB,3285,54,Male,Asian,United Kingdom,United Kingdom,United Kingdom,English,No,Full-Time
671d012de0d52f915c754a24,66b2209e62dfdd0cdf4808d0,APPROVED,Not Applicable,2024-10-26T14:48:38.118000Z,2024-10-26T16:10:14.048000Z,2024-10-31T11:17:28.962000Z,2024-10-28T03:16:39.520673Z,4896,C1DDOZYB,30,27,Male,Black,South Africa,South Africa,South Africa,English,Yes,Full-Time
671d0d8f24e2ea3e07b90d42,66962f162372082a3647f572,APPROVED,Not Applicable,2024-10-26T15:43:02.128000Z,2024-10-26T16:14:59.882000Z,2024-10-31T11:17:29.239000Z,2024-10-26T16:15:06.114779Z,1918,C1DDOZYB,244,51,Male,White,United Kingdom,United Kingdom,United Kingdom,English,No,Full-Time
671d1071c18cee710a038272,6712080beba15ccb8cc25e93,APPROVED,Not Applicable,2024-10-26T15:55:26.130000Z,2024-10-26T16:50:25.350000Z,2024-10-31T11:17:29.506000Z,2024-10-26T16:50:36.704163Z,3300,C1DDOZYB,32,20,Male,Black,United States,United States,United States,English,Yes,Part-Time
671d182c78c1624a723ed038,612c15045931968d233e4562,APPROVED,Not Applicable,2024-10-26T16:26:40.170000Z,2024-10-26T16:55:36.819000Z,2024-10-31T11:17:29.784000Z,2024-10-26T16:56:57.272391Z,1737,C1DDOZYB,165,23,Female,Asian,South Africa,South Africa,South Africa,English,No,Full-Time
671d199644d9a53bb579ff51,66ecfb63c61ef21dae117ce1,APPROVED,Not Applicable,2024-10-26T16:35:08.159000Z,2024-10-26T17:37:38.194000Z,2024-10-31T11:17:30.039000Z,2024-10-26T17:37:38.782502Z,3751,C1DDOZYB,78,37,Female,Asian,Philippines,United Kingdom,Philippines,English,Yes,Part-Time
671d1a4e3e0f8d14646a7549,667da6b83c73b101dbb3f463,APPROVED,Not Applicable,2024-10-26T16:39:29.905000Z,2024-10-26T17:44:41.743000Z,2024-10-31T11:17:30.422000Z,2024-10-26T20:29:42.266631Z,3912,C1DDOZYB,81,47,Female,Asian,South Africa,South Africa,South Africa,English,No,Full-Time
671d262d13ea4e98a17bba3a,6672db2f1eda4f792dd90835,APPROVED,Not Applicable,2024-10-26T17:26:20.179000Z,2024-10-26T18:09:56.142000Z,2024-10-31T11:17:30.669000Z,2024-10-26T18:10:22.115696Z,2616,C1DDOZYB,78,38,Male,Black,South Africa,South Africa,South Africa,English,No,Full-Time
671d2e40d036aaad2d07327e,5fc9ec3d0990d4501dfd7e05,APPROVED,Not Applicable,2024-10-26T18:00:32.099000Z,2024-10-26T18:41:38.346000Z,2024-10-31T11:17:30.929000Z,2024-10-26T18:44:48.351561Z,2467,C1DDOZYB,669,33,Male,White,Greece,Greece,Greece,Greek,No,Full-Time
671d3a178c05a4d72b7268a8,63e96aac1a64f6442aeadf72,APPROVED,Not Applicable,2024-10-26T18:51:09.143000Z,2024-10-26T19:35:10.108000Z,2024-10-31T11:17:31.216000Z,2024-10-26T19:38:24.277328Z,2641,C1DDOZYB,686,37,Male,White,Netherlands,Netherlands,Netherlands,Dutch,DATA_EXPIRED,Full-Time
671d3d915e23f895f7faaf5f,5b88002a7bb9e90001f0703f,APPROVED,Not Applicable,2024-10-26T19:05:58.289000Z,2024-10-26T19:26:19.117000Z,2024-10-31T11:17:31.517000Z,2024-10-26T19:26:31.549527Z,1221,C1DDOZYB,2358,40,Male,White,United Kingdom,United Kingdom,United Kingdom,English,No,Full-Time
671d50a21949155edb55326d,65b876fb5cc28b62953115fc,APPROVED,Not Applicable,2024-10-26T20:27:14.786000Z,2024-10-26T21:03:32.223000Z,2024-10-31T11:17:31.801000Z,2024-10-26T21:03:44.326715Z,2178,C1DDOZYB,416,30,Male,Asian,Australia,Australia,Australia,English,No,Unemployed (and job seeking)
671d7cbe0a507c272f060936,669087979625c5bc8216e01a,APPROVED,Not Applicable,2024-10-26T23:35:36.128000Z,2024-10-27T00:05:18.007000Z,2024-10-31T11:17:32.275000Z,2024-10-27T00:05:19.219984Z,1782,C1DDOZYB,245,36,Male,White,United Kingdom,United Kingdom,United Kingdom,English,No,Full-Time
671d7f23f53b1a5e2f3eaa16,66aa59778721b9a2954aea75,APPROVED,Not Applicable,2024-10-26T23:45:46.583000Z,2024-10-27T00:55:30.367000Z,2024-10-31T11:17:32.553000Z,2024-10-27T00:57:34.302521Z,4184,C1DDOZYB,29,20,Male,Mixed,South Africa,South Africa,South Africa,English,Yes,Full-Time
671e06b99f10289220ff323b,668946f774f64ae752e01a90,APPROVED,Not Applicable,2024-10-27T09:24:25.964000Z,2024-10-27T10:04:02.656000Z,2024-10-31T11:17:32.829000Z,2024-10-27T10:08:16.294597Z,2377,C1DDOZYB,135,21,Male,White,Spain,Spain,Spain,Spanish,No,Unemployed (and job seeking)
671e18943e0f8d14646aa59b,66b0032b54c074757187cdcd,APPROVED,Not Applicable,2024-10-27T10:40:47.970000Z,2024-10-27T11:26:36.993000Z,2024-10-31T11:17:33.075000Z,2024-10-27T11:26:37.744978Z,2750,C1DDOZYB,202,22,Male,Asian,United Kingdom,United Kingdom,United Kingdom,English,Yes,Full-Time
671e18972a640f4bd41dc318,6597f6dc6f784e1f69bfadfa,APPROVED,Not Applicable,2024-10-27T10:40:31.894000Z,2024-10-27T11:16:01.445000Z,2024-10-31T11:17:33.336000Z,2024-10-27T11:16:02.112602Z,2130,C1DDOZYB,170,20,Female,White,Slovakia,Slovakia,Slovakia,Slovak,Yes,Unemployed (and job seeking)
671e189f2ba7384f9b4593d8,6650a90911a874be14a68037,APPROVED,Not Applicable,2024-10-27T10:50:10.338000Z,2024-10-27T11:38:05.194000Z,2024-10-31T11:17:33.610000Z,2024-10-27T11:40:33.171462Z,2875,C1DDOZYB,54,26,Male,Black,South Africa,South Africa,South Africa,English,No,Full-Time
671e18a9d89afa2ce6de7e6b,64e8b9c1512a8828109c5ae3,APPROVED,Not Applicable,2024-10-27T10:40:46.540000Z,2024-10-27T11:17:48.812000Z,2024-10-31T11:17:33.899000Z,2024-10-27T11:17:49.685458Z,2223,C1DDOZYB,475,40,Male,White,Romania,Hungary,Hungary,Hungarian,No,Full-Time
671e18ad4bafa85dac6e1f4b,63fab901a6a29bd9c8b39f89,APPROVED,Not Applicable,2024-10-27T10:40:53.346000Z,2024-10-27T11:16:32.123000Z,2024-10-31T11:17:34.164000Z,2024-10-27T11:16:33.085296Z,2139,C1DDOZYB,799,45,Female,White,Australia,Australia,Australia,English,No,"Not in paid work (e.g. homemaker', 'retired or disabled)"
671e18b2d64f90030a9e6d0e,5c3b31ef2fd47d00013d4468,APPROVED,Not Applicable,2024-10-27T10:42:08.260000Z,2024-10-27T11:44:45.196000Z,2024-10-31T11:17:34.424000Z,2024-10-27T11:44:45.797633Z,3757,C1DDOZYB,934,40,Female,White,Poland,Poland,Poland,Polish,No,Full-Time
671e18b4675a8a460b1d7047,666988266585dfd9c2fdbdaf,APPROVED,Not Applicable,2024-10-27T10:41:31.557000Z,2024-10-27T11:57:39.742000Z,2024-10-31T11:17:34.670000Z,2024-10-27T11:57:40.428178Z,4569,C1DDOZYB,45,25,Female,Black,South Africa,South Africa,South Africa,English,Yes,Unemployed (and job seeking)
671e18bae6dc217c8f09e870,65944a7812155ed118b836c4,APPROVED,Not Applicable,2024-10-27T10:40:58.197000Z,2024-10-27T11:25:01.834000Z,2024-10-31T11:17:34.925000Z,2024-10-27T11:25:02.529505Z,2644,C1DDOZYB,261,48,Female,White,Switzerland,Switzerland,Switzerland,English,No,Full-Time
671e2d726dd114bc2312b4b6,63c08fa9f3882764b4e8e7dd,APPROVED,Not Applicable,2024-10-27T12:10:51.731000Z,2024-10-27T12:34:25.784000Z,2024-10-31T11:17:35.178000Z,2024-10-27T12:35:33.029848Z,1415,C1DDOZYB,1199,32,Male,White,Germany,Germany,Germany,German,No,Full-Time
671e2d79cdddb66571b27e3d,66d0944b9f8f566817ad708c,APPROVED,Not Applicable,2024-10-27T12:09:33.711000Z,2024-10-27T12:52:54.005000Z,2024-10-31T11:17:35.432000Z,2024-10-27T12:54:54.157941Z,2601,C1DDOZYB,20,20,Male,Black,South Africa,South Africa,South Africa,English,Yes,Other
671e2d9f9f9f70b72184366d,671151803d48025b9602a3b8,APPROVED,Not Applicable,2024-10-27T12:10:07.368000Z,2024-10-27T13:32:20.002000Z,2024-10-31T11:17:35.702000Z,2024-10-27T13:32:52.301742Z,4933,C1DDOZYB,14,41,Male,Black,South Africa,South Africa,South Africa,English,No,Full-Time
671e2db1590cd1a676455255,668007456885e1eba8d96949,APPROVED,Not Applicable,2024-10-27T12:10:33.782000Z,2024-10-27T12:50:18.227000Z,2024-10-31T11:17:35.988000Z,2024-10-27T12:50:45.674014Z,2385,C1DDOZYB,68,21,Female,Mixed,South Africa,South Africa,South Africa,English,No,"Not in paid work (e.g. homemaker', 'retired or disabled)"
671e2db3bc67f4dff609e8a8,66ebd2b6a14439680389fe45,APPROVED,Not Applicable,2024-10-27T12:10:41.582000Z,2024-10-27T12:55:22.995000Z,2024-10-31T11:17:36.272000Z,2024-10-27T12:55:53.388085Z,2682,C1DDOZYB,33,26,Female,Black,Kenya,Canada,Kenya,English,Yes,Full-Time
671e2db43e7c74b377de8591,66801afe00fafa2729542a69,APPROVED,Not Applicable,2024-10-27T12:10:28.695000Z,2024-10-27T12:43:44.254000Z,2024-10-31T11:17:36.555000Z,2024-10-27T12:44:51.675373Z,1996,C1DDOZYB,203,39,Male,Mixed,France,France,France,French,No,Full-Time
671e2db9355f8f1efaf76c97,64f1dbf275e44ffd381b8985,APPROVED,Not Applicable,2024-10-27T12:10:33.403000Z,2024-10-27T13:06:16.813000Z,2024-10-31T11:17:36.923000Z,2024-10-27T13:07:26.834826Z,3344,C1DDOZYB,338,38,Male,White,Austria,Germany,Austria,German,DATA_EXPIRED,DATA_EXPIRED
671e2dd1ada6d945b91f1d37,660970e66b18c1d3d9f036b0,APPROVED,Not Applicable,2024-10-27T12:17:11.284000Z,2024-10-27T12:56:14.052000Z,2024-10-31T11:17:37.240000Z,2024-10-27T12:56:44.576724Z,2343,C1DDOZYB,170,45,Female,Other,"Venezuela, Bolivarian Republic of",Spain,Spain,Spanish,No,Full-Time
671e2dd7dee3adf04205ee6f,659842ef772d15250999d308,APPROVED,Not Applicable,2024-10-27T12:13:16.512000Z,2024-10-27T12:41:07.727000Z,2024-10-31T11:17:37.510000Z,2024-10-27T12:41:08.411733Z,1672,C1DDOZYB,14,21,Male,White,Croatia,Croatia,Croatia,Croatian,Yes,Unemployed (and job seeking)
671e2dec2e13d08c6e983db0,5ec2c14f488b5c0d146da2f9,APPROVED,Not Applicable,2024-10-27T12:11:24.296000Z,2024-10-27T12:38:23.238000Z,2024-10-31T11:17:37.800000Z,2024-10-27T12:38:30.257559Z,1619,C1DDOZYB,862,34,Male,White,Portugal,Portugal,Portugal,Portuguese,Yes,Full-Time
671e335b782ed377cb6df9cc,6712fef73201cf536478ef5a,APPROVED,Not Applicable,2024-10-27T12:34:43.043000Z,2024-10-27T13:16:11.921000Z,2024-10-31T11:17:38.082000Z,2024-10-27T13:17:04.726749Z,2489,C1DDOZYB,11,27,Female,Black,South Africa,South Africa,South Africa,English,No,Full-Time
671e34520b4bf2b5affa6100,66ae46074ff6f57761a3f5d8,APPROVED,Not Applicable,2024-10-27T12:41:05.602000Z,2024-10-27T13:33:38.884000Z,2024-10-31T11:17:38.367000Z,2024-10-27T13:34:05.955762Z,3154,C1DDOZYB,54,28,Female,White,Poland,Poland,Poland,Polish,No,Unemployed (and job seeking)
671e34e6e6dc217c8f09f05b,66bd01b3252138f64c4eb433,APPROVED,Not Applicable,2024-10-27T12:41:13.564000Z,2024-10-27T13:12:31.438000Z,2024-10-31T11:17:38.652000Z,2024-10-27T13:12:32.912282Z,1878,C1DDOZYB,104,31,Female,White,Spain,United Kingdom,Spain,English,No,Full-Time
671e35a8e695995deb52b262,5f9ff8b91e669e0008964d7a,APPROVED,Not Applicable,2024-10-27T12:44:24.252000Z,2024-10-27T13:09:54.836000Z,2024-10-31T11:17:38.923000Z,2024-10-27T13:09:55.687506Z,1531,C1DDOZYB,259,22,Male,White,Poland,Poland,Poland,Polish,Yes,Part-Time
671e37aed5b7ecf82d531b48,6682afdddc274c7cc3e4ea16,APPROVED,Not Applicable,2024-10-27T12:54:45.709000Z,2024-10-27T13:49:45.361000Z,2024-10-31T11:17:39.182000Z,2024-10-27T13:50:14.815441Z,3300,C1DDOZYB,112,33,Male,White,Poland,Poland,Poland,Polish,No,Full-Time
671e3844ada6d945b91f1fe3,66cf43db332889da5054c9e8,APPROVED,Not Applicable,2024-10-27T13:05:20.798000Z,2024-10-27T14:10:22.307000Z,2024-10-31T11:17:39.455000Z,2024-10-27T14:11:38.255936Z,3902,C1DDOZYB,38,27,Female,Black,South Africa,South Africa,South Africa,English,Yes,Part-Time
671e3879ae4c0e61f47914a0,5fd394142d643f016601af39,APPROVED,Not Applicable,2024-10-27T12:57:10.081000Z,2024-10-27T13:31:12.866000Z,2024-10-31T11:17:39.744000Z,2024-10-27T13:31:44.339151Z,2043,C1DDOZYB,1073,42,Male,White,Italy,Italy,Italy,Italian,Yes,Full-Time
671e3aedee4630edd77cf725,664b3dbcb30dd9b94a597726,APPROVED,Not Applicable,2024-10-27T13:07:10.680000Z,2024-10-27T13:45:44.575000Z,2024-10-31T11:17:40.029000Z,2024-10-27T13:48:44.911617Z,2314,C1DDOZYB,57,24,Male,Black,Kenya,Kenya,Kenya,English,No,Full-Time
671e3ba7c844979211eeef5b,664c9a37d570871d534dd3c2,APPROVED,Not Applicable,2024-10-27T13:09:59.282000Z,2024-10-27T14:31:41.764000Z,2024-10-31T11:17:40.320000Z,2024-10-27T14:55:29.084809Z,4903,C1DDOZYB,136,24,Female,Black,Kenya,Kenya,Kenya,English,Yes,Part-Time
671e3cd62ba7384f9b459cca,66a250d0304f0748a8d0416f,APPROVED,Not Applicable,2024-10-27T13:18:12.179000Z,2024-10-27T14:03:27.014000Z,2024-10-31T11:17:40.602000Z,2024-10-27T14:03:45.576824Z,2715,C1DDOZYB,72,47,Female,Black,Zimbabwe,South Africa,Zimbabwe,English,No,Full-Time
671e3e37675a8a460b1d7b26,6671d6c481d3578f72ab157f,APPROVED,Not Applicable,2024-10-27T13:28:32.598000Z,2024-10-27T14:12:38.108000Z,2024-10-31T11:17:41.518000Z,2024-10-27T14:12:39.163998Z,2646,C1DDOZYB,85,33,Male,Black,South Africa,South Africa,South Africa,English,No,Full-Time
671e41c7d9e5ea4e424bbfa8,650bc1957a3b13ceed5254bd,APPROVED,Not Applicable,2024-10-27T13:37:25.621000Z,2024-10-27T14:26:57.352000Z,2024-10-31T11:17:41.791000Z,2024-10-27T14:26:57.835884Z,2972,C1DDOZYB,135,19,Female,Black,South Africa,South Africa,South Africa,English,Yes,Part-Time
671e41e6f039f8a9b5e5aaf8,65f906167fc6f6212c9c65f7,APPROVED,Not Applicable,2024-10-27T13:36:38.308000Z,2024-10-27T14:00:31.605000Z,2024-10-31T11:17:42.063000Z,2024-10-27T14:03:22.599396Z,1434,C1DDOZYB,80,19,Male,White,Romania,Romania,Romania,Romanian,Yes,Part-Time
671e43c4496bc1f7edf0e00f,66c861e1c8ac02ef06206514,APPROVED,Not Applicable,2024-10-27T13:44:57.479000Z,2024-10-27T14:29:42.394000Z,2024-10-31T11:17:42.331000Z,2024-10-27T14:29:42.998286Z,2685,C1DDOZYB,36,19,Female,Black,South Africa,South Africa,South Africa,English,Yes,Full-Time
671e498bcdddb66571b2854d,60919018ce223dc3906d7a7e,APPROVED,Not Applicable,2024-10-27T14:09:15.775000Z,2024-10-27T14:35:54.536000Z,2024-10-31T11:17:42.713000Z,2024-10-27T14:35:55.111945Z,1599,C1DDOZYB,1750,36,Female,White,Portugal,United Kingdom,Portugal,Portuguese,Yes,Full-Time
671e53df70419e476bff479f,66ab9251bb25bc9c486ce04a,APPROVED,Not Applicable,2024-10-27T14:55:07.168000Z,2024-10-27T16:16:16.948000Z,2024-10-31T11:17:42.960000Z,2024-10-27T16:16:41.815873Z,4870,C1DDOZYB,26,24,Male,White,Poland,Poland,Poland,Polish,Yes,Other
671e5a44fdce7eeb9ebdcf04,6051570d959c53ccacb61130,APPROVED,Not Applicable,2024-10-27T15:20:41.809000Z,2024-10-27T15:53:30.669000Z,2024-10-31T11:17:43.222000Z,2024-10-27T15:53:56.632229Z,1969,C1DDOZYB,2054,44,Female,White,United Kingdom,United Kingdom,United Kingdom,English,No,Full-Time
671e5c183abb03e5db4ff1bb,657212151ea2dfd675c45010,APPROVED,Not Applicable,2024-10-27T15:28:24.642000Z,2024-10-27T16:01:26.663000Z,2024-10-31T11:17:43.482000Z,2024-10-27T16:01:35.700384Z,1983,C1DDOZYB,130,30,Male,White,Portugal,Portugal,Portugal,Portuguese,No,Full-Time
671e5e522389ecce30568021,6693d019cbe2467520e3186e,APPROVED,Not Applicable,2024-10-27T15:40:07.806000Z,2024-10-27T16:08:07.180000Z,2024-10-31T11:17:43.766000Z,2024-10-27T16:08:30.830255Z,1680,C1DDOZYB,39,24,Female,White,Slovenia,Slovenia,Slovenia,Slovenian,Yes,Other
671e68649f9f70b7218443be,5adef952f6b58c0001fa755b,APPROVED,Not Applicable,2024-10-27T16:21:08.409000Z,2024-10-27T16:55:07.835000Z,2024-10-31T11:17:44.028000Z,2024-10-27T16:56:50.433564Z,2040,C1DDOZYB,3357,59,Male,White,United Kingdom,United Kingdom,United Kingdom,English,No,Full-Time
671e68ba55b131560001d068,60f9a6667b1fcbceec1401ea,APPROVED,Not Applicable,2024-10-27T16:22:26.110000Z,2024-10-27T16:49:17.199000Z,2024-10-31T11:17:44.285000Z,2024-10-27T16:49:31.480390Z,1612,C1DDOZYB,1313,41,Male,Asian,Canada,Canada,Canada,English,No,Part-Time
671e6f306d79e6ca34bdd3aa,66989959a9a6e990d72c7a91,APPROVED,Not Applicable,2024-10-27T16:50:10.736000Z,2024-10-27T17:24:09.867000Z,2024-10-31T11:17:44.568000Z,2024-10-27T17:24:27.599629Z,2040,C1DDOZYB,95,27,Female,Asian,India,Canada,India,Tamil,No,Full-Time
671f5565b0681f2dd838ced1,6093cacf9a39751eedd55916,APPROVED,Not Applicable,2024-10-28T09:12:07.874000Z,2024-10-28T09:46:07.174000Z,2024-10-31T11:17:44.888000Z,2024-10-28T09:46:29.036646Z,2040,C1DDOZYB,678,26,Male,White,Lebanon,France,Lebanon,Arabic,Yes,Full-Time
671f8bdefd2b3f7faea6841f,5c8db07eb1f89a0016777fe0,APPROVED,Not Applicable,2024-10-28T13:06:44.646000Z,2024-10-28T13:41:10.304000Z,2024-10-31T11:17:45.194000Z,2024-10-28T13:41:14.142509Z,2066,C1DDOZYB,5941,36,Female,White,United States,United States,United States,English,No,Full-Time
671fa6db0e75319b2c58586f,6654ed33437f5a7bdddf1454,APPROVED,Not Applicable,2024-10-28T14:59:52.264000Z,2024-10-28T15:21:33.952000Z,2024-10-31T11:17:45.469000Z,2024-10-28T15:21:59.022382Z,1302,C1DDOZYB,92,20,Male,White,Poland,Poland,Poland,Polish,Yes,Full-Time
671fa6dd2b951d61c2bc3f38,5fa94ee12438bf08ad45f75f,APPROVED,Not Applicable,2024-10-28T14:59:41.319000Z,2024-10-28T15:28:19.932000Z,2024-10-31T11:17:45.728000Z,2024-10-28T15:28:28.664557Z,1719,C1DDOZYB,655,34,Male,White,Italy,France,Italy,Italian,Yes,Full-Time
671fa6e09b16968d327297cb,5715830e30185b0008b40630,APPROVED,Not Applicable,2024-10-28T15:00:27.686000Z,2024-10-28T15:39:31.862000Z,2024-10-31T11:17:45.990000Z,2024-10-28T15:40:56.805335Z,2345,C1DDOZYB,199,40,Male,White,Latvia,Latvia,Latvia,Russian,No,Full-Time
671fa6ecb93dfa0feb8750e0,5bb7b83ab791890001f4fd90,APPROVED,Not Applicable,2024-10-28T15:00:04.985000Z,2024-10-28T15:42:26.167000Z,2024-10-31T11:17:46.305000Z,2024-10-28T15:42:26.767926Z,2542,C1DDOZYB,2818,56,Male,White,United Kingdom,United Kingdom,United Kingdom,English,No,Part-Time
671fa6f16cc193c38d023599,66742e5628bb2751bb181428,APPROVED,Not Applicable,2024-10-28T15:01:54.344000Z,2024-10-28T16:00:50.982000Z,2024-10-31T11:17:46.560000Z,2024-10-28T16:00:51.691579Z,3537,C1DDOZYB,83,30,Male,White,Italy,Italy,Italy,Italian,No,Part-Time
671fa6f8de7404c9b5fba35f,641384b3dffcf39ec42d3c23,APPROVED,Not Applicable,2024-10-28T15:00:16.496000Z,2024-10-28T15:40:03.443000Z,2024-10-31T11:17:46.865000Z,2024-10-28T15:41:03.144372Z,2387,C1DDOZYB,1987,49,Male,White,United Kingdom,United Kingdom,United Kingdom,English,No,Full-Time
671fb0276e4ccd903f030cd5,5ede6266873bba0bb046317e,APPROVED,Not Applicable,2024-10-28T15:39:19.657000Z,2024-10-28T16:08:03.065000Z,2024-10-31T11:17:47.133000Z,2024-10-28T16:08:47.010472Z,1724,C1DDOZYB,143,27,Male,White,Uruguay,Spain,Uruguay,Spanish,No,Full-Time
671fb05b6f53b3be69f93e50,5d8cef3c28e183001a335ab0,APPROVED,Not Applicable,2024-10-28T15:40:56.216000Z,2024-10-28T16:08:53.058000Z,2024-10-31T11:17:47.387000Z,2024-10-28T16:09:07.136079Z,1677,C1DDOZYB,4843,35,Female,White,United Kingdom,United Kingdom,United Kingdom,English,No,Full-Time
671fb0699a057828497e8622,6655dcc47c97e774bbb5fc47,APPROVED,Not Applicable,2024-10-28T15:40:48.245000Z,2024-10-28T16:30:28.289000Z,2024-10-31T11:17:47.650000Z,2024-10-28T16:30:29.110217Z,2981,C1DDOZYB,72,27,Female,White,South Africa,South Africa,South Africa,English,No,Full-Time
671fb06ff278ef4e55605766,60723c224e9193e5d5fe5712,APPROVED,Not Applicable,2024-10-28T15:40:36.847000Z,2024-10-28T16:35:33.085000Z,2024-10-31T11:17:47.918000Z,2024-10-28T16:35:52.955678Z,3297,C1DDOZYB,1954,33,Female,White,Italy,United Kingdom,Italy,Italian,No,Full-Time
671fb257e650e1c9872fc119,66734309107a9d331f77fd8a,APPROVED,Not Applicable,2024-10-28T15:49:14.432000Z,2024-10-28T16:23:16.201000Z,2024-10-31T11:17:48.172000Z,2024-10-28T16:24:22.948812Z,2042,C1DDOZYB,74,32,Female,White,South Africa,South Africa,South Africa,English,No,Unemployed (and job seeking)
671fb25998a05f9661615c76,66b4eb5a67e6c8daaf52c5f9,APPROVED,Not Applicable,2024-10-28T15:49:08.002000Z,2024-10-28T16:45:08.741000Z,2024-10-31T11:17:48.433000Z,2024-10-28T16:45:09.504007Z,3361,C1DDOZYB,136,21,Male,Black,United Kingdom,United Kingdom,United Kingdom,English,No,Other
671fb25ac3a30c86d2d2ca7d,60bbe0da43325dadf2b1b6a9,APPROVED,Not Applicable,2024-10-28T15:48:52.866000Z,2024-10-28T16:15:20.663000Z,2024-10-31T11:17:48.693000Z,2024-10-28T16:15:21.333466Z,1588,C1DDOZYB,390,26,Female,White,Brazil,Portugal,Brazil,Portuguese,Yes,Full-Time
671fb26d0f2ece844f4ec27e,5de60f418f5cd559c333199c,APPROVED,Not Applicable,2024-10-28T15:49:37.887000Z,2024-10-28T16:26:40.922000Z,2024-10-31T11:17:48.972000Z,2024-10-28T16:26:41.881302Z,2224,C1DDOZYB,862,29,Male,Black,South Africa,South Africa,South Africa,English,No,Full-Time
671fb54b942892066bbf4645,59a722657a657b0001aae223,APPROVED,Not Applicable,2024-10-28T16:01:21.449000Z,2024-10-28T16:25:18.655000Z,2024-10-31T11:17:49.248000Z,2024-10-28T16:25:19.286631Z,1438,C1DDOZYB,2370,37,Female,White,United Kingdom,United Kingdom,United Kingdom,English,No,Full-Time
671fb735be59845e46c43104,610790e286844c36e02f906c,APPROVED,Not Applicable,2024-10-28T16:09:35.475000Z,2024-10-28T16:44:08.104000Z,2024-10-31T11:17:49.514000Z,2024-10-28T16:44:09.029464Z,2073,C1DDOZYB,5049,30,Female,White,United States,United States,United States,English,DATA_EXPIRED,DATA_EXPIRED
671fb8a4e64ff97ae3af3aa0,573dbfc9cc30e7000dc57410,APPROVED,Not Applicable,2024-10-28T16:15:39.706000Z,2024-10-28T17:05:52.227000Z,2024-10-31T11:17:49.771000Z,2024-10-28T17:05:53.086813Z,3013,C1DDOZYB,2998,59,Female,White,United Kingdom,United Kingdom,United Kingdom,English,No,"Not in paid work (e.g. homemaker', 'retired or disabled)"
671fbea144c2d94c8181017d,63af557b3d4f219c3226b7d6,APPROVED,Not Applicable,2024-10-28T16:45:53.809000Z,2024-10-28T17:13:25.489000Z,2024-10-31T11:17:50.023000Z,2024-10-28T17:13:26.326206Z,1652,C1DDOZYB,1968,50,Female,White,United Kingdom,United Kingdom,United Kingdom,English,No,Part-Time
671fd1596eb80e1f1a209713,664bbcec630d3b1da78d26db,APPROVED,Not Applicable,2024-10-28T18:02:24.501000Z,2024-10-28T18:38:11.285000Z,2024-10-31T11:17:50.296000Z,2024-10-28T19:38:19.225064Z,2147,C1DDOZYB,159,37,Female,White,Canada,Canada,Canada,English,No,Other
671fe861b75190b550254b0b,671432c4c3f2cce416bcc9f0,APPROVED,Not Applicable,2024-10-28T19:39:18.137000Z,2024-10-28T20:01:07.444000Z,2024-10-31T11:17:50.570000Z,2024-10-28T20:01:08.239996Z,1310,C1DDOZYB,4,18,Female,Asian,Hong Kong,United Kingdom,Hong Kong,Chinese,Yes,Other
6720bcf19fab72234535e686,6634e6d912de289f07dbdf96,APPROVED,Not Applicable,2024-10-29T10:46:09.535000Z,2024-10-29T11:22:17.830000Z,2024-10-31T11:17:50.850000Z,2024-10-29T11:22:18.798431Z,2169,C1DDOZYB,120,47,Female,Asian,South Africa,South Africa,South Africa,English,No,Full-Time
6720bcfa94ca1915abcfd315,6688127b14c148eec0e77019,APPROVED,Not Applicable,2024-10-29T10:47:18.355000Z,2024-10-29T11:53:02.934000Z,2024-10-31T11:17:51.116000Z,2024-10-29T11:53:03.699942Z,3945,C1DDOZYB,66,42,Female,Black,Zimbabwe,South Africa,Zimbabwe,English,No,Full-Time
6720bcfe87d90b98f88f49da,6565f95a13586fa869dd3d3d,APPROVED,Not Applicable,2024-10-29T10:46:29.052000Z,2024-10-29T11:25:58.469000Z,2024-10-31T11:17:51.415000Z,2024-10-29T11:25:59.974057Z,2370,C1DDOZYB,193,45,Female,Black,South Africa,South Africa,South Africa,Other,Yes,Part-Time
6720bd010324ae99b4bc004c,66d709c7e596a5cd90dfe6e1,APPROVED,Not Applicable,2024-10-29T10:46:35.939000Z,2024-10-29T11:58:59.551000Z,2024-10-31T11:17:51.687000Z,2024-10-29T12:01:46.373734Z,4344,C1DDOZYB,23,21,Female,Black,South Africa,South Africa,South Africa,English,No,Full-Time
6720bd0886adfdf57e0eab61,66589db79ff3237145d7d695,APPROVED,Not Applicable,2024-10-29T10:48:27.495000Z,2024-10-29T11:43:30.027000Z,2024-10-31T11:17:51.971000Z,2024-10-29T11:43:30.855517Z,3303,C1DDOZYB,53,22,Female,Black,South Africa,South Africa,South Africa,English,No,Full-Time
6720bd17c84d178a28c1959d,5ed01428f407c70d93c4b38d,APPROVED,Not Applicable,2024-10-29T10:46:53.823000Z,2024-10-29T11:26:21.907000Z,2024-10-31T11:17:52.238000Z,2024-10-29T11:26:23.425389Z,2369,C1DDOZYB,372,28,Female,White,Greece,Greece,Greece,Greek,Yes,Unemployed (and job seeking)
6720bd39cb3e649f55fdb249,61656a7e58d53cbb92ade865,APPROVED,Not Applicable,2024-10-29T10:47:21.261000Z,2024-10-29T12:04:42.979000Z,2024-10-31T11:17:52.533000Z,2024-10-29T12:04:46.693105Z,4642,C1DDOZYB,673,29,Female,Black,Zimbabwe,South Africa,Zimbabwe,English,DATA_EXPIRED,DATA_EXPIRED
6720bd49782696cd7215c02c,66405b330b7818ac14bf4bbd,APPROVED,Not Applicable,2024-10-29T10:47:45.159000Z,2024-10-29T11:23:14.268000Z,2024-10-31T11:17:52.808000Z,2024-10-29T11:23:14.997947Z,2130,C1DDOZYB,56,22,Female,Black,South Africa,South Africa,South Africa,English,No,Part-Time
6720bda1504c591f19d2e89e,651c15087c67f2bc3f516e86,APPROVED,Not Applicable,2024-10-29T10:49:53.968000Z,2024-10-29T11:31:49.029000Z,2024-10-31T11:17:53.101000Z,2024-10-29T11:31:52.161632Z,2516,C1DDOZYB,216,27,Female,Black,South Africa,South Africa,South Africa,English,Yes,Full-Time
6720bda5cb3e649f55fdb264,66a24cacf9d15dac2e51ce9d,APPROVED,Not Applicable,2024-10-29T10:49:23.028000Z,2024-10-29T11:20:07.817000Z,2024-10-31T11:17:53.358000Z,2024-10-29T11:20:08.888542Z,1845,C1DDOZYB,28,19,Female,Black,South Africa,South Africa,South Africa,English,Yes,Unemployed (and job seeking)
6720c4f95971b1b2a7ab8c19,60d747e9498dbc9de1f481f8,APPROVED,Not Applicable,2024-10-29T11:25:45.084000Z,2024-10-29T12:10:47.009000Z,2024-10-31T11:17:53.621000Z,2024-10-29T12:12:56.070975Z,2702,C1DDOZYB,618,30,Female,Black,Zimbabwe,South Africa,Zimbabwe,English,DATA_EXPIRED,Full-Time
6720c5a7a8920b8349e62476,5d4dd58bbd127b0019c6d59b,APPROVED,Not Applicable,2024-10-29T11:23:40.011000Z,2024-10-29T13:00:54.450000Z,2024-10-31T11:17:53.870000Z,2024-10-29T13:02:14.355698Z,5835,C1DDOZYB,16,32,Female,Black,South Africa,South Africa,South Africa,English,Yes,Unemployed (and job seeking)
6720c5aaaf8d62e24d52b2e6,6466496686d65d9d9452bcc0,APPROVED,Not Applicable,2024-10-29T11:23:27.039000Z,2024-10-29T11:54:34.359000Z,2024-10-31T11:17:54.159000Z,2024-10-29T11:54:35.041294Z,1868,C1DDOZYB,73,26,Female,Mixed,South Africa,South Africa,South Africa,English,No,DATA_EXPIRED
6720c6541bf8ed8326c8a861,60e3b18d3d4205b4c52ada56,APPROVED,Not Applicable,2024-10-29T11:26:12.222000Z,2024-10-29T12:35:09.552000Z,2024-10-31T11:17:54.409000Z,2024-10-29T12:35:59.319382Z,4138,C1DDOZYB,280,25,Female,Black,South Africa,South Africa,South Africa,English,No,Full-Time
6720c69519bb943bacf7c7c4,668015d02cb782ab7d0a1bbf,APPROVED,Not Applicable,2024-10-29T11:30:32.282000Z,2024-10-29T12:14:19.952000Z,2024-10-31T11:17:54.680000Z,2024-10-29T12:14:21.168685Z,2628,C1DDOZYB,95,34,Male,Black,Zimbabwe,South Africa,Zimbabwe,English,No,Full-Time
6720c81054912f7083e53085,5d0ba121619661001a7f4fe6,APPROVED,Not Applicable,2024-10-29T11:39:51.661000Z,2024-10-29T12:21:00.330000Z,2024-10-31T11:17:54.944000Z,2024-10-29T12:23:46.621019Z,2469,C1DDOZYB,496,30,Male,Mixed,Greece,Greece,Greece,Greek,Yes,Full-Time
6720ca808367fd9e9fe5fe54,653bb7c3eaa495abf05df106,APPROVED,Not Applicable,2024-10-29T11:44:06.997000Z,2024-10-29T12:17:07.497000Z,2024-10-31T11:17:55.261000Z,2024-10-29T12:17:08.278827Z,1981,C1DDOZYB,152,28,Female,Mixed,Greece,Greece,Greece,Greek,DATA_EXPIRED,Full-Time
6720ccf212ebb01fe498e6bc,664b4f0017b082f48ee8a033,APPROVED,Not Applicable,2024-10-29T11:54:58.251000Z,2024-10-29T12:36:12.441000Z,2024-10-31T11:17:55.550000Z,2024-10-29T12:36:39.993898Z,2475,C1DDOZYB,7,39,Male,White,Slovenia,Slovenia,Slovenia,Slovenian,No,Full-Time
6720cfc70a6c9c0c3b803c0b,5ec3a28f46bca2016fc91c3f,APPROVED,Not Applicable,2024-10-29T12:06:31.499000Z,2024-10-29T12:28:54.025000Z,2024-10-31T11:17:55.841000Z,2024-10-29T12:28:55.636895Z,1343,C1DDOZYB,577,31,Female,White,Greece,Greece,Greece,Greek,Yes,Full-Time
6720cfe3f575775c39cd29de,6106be7d513dcab805d524b8,APPROVED,Not Applicable,2024-10-29T12:07:34.076000Z,2024-10-29T12:56:00.687000Z,2024-10-31T11:17:56.108000Z,2024-10-29T12:57:01.612188Z,2907,C1DDOZYB,90,25,Female,Black,South Africa,South Africa,South Africa,English,DATA_EXPIRED,Full-Time
6720d0d3649bdf8253a3d619,5b90635a877eab0001d7ba9e,APPROVED,Not Applicable,2024-10-29T12:11:55.746000Z,2024-10-29T12:59:50.036000Z,2024-10-31T11:17:56.512000Z,2024-10-29T13:00:05.708576Z,2875,C1DDOZYB,524,37,Male,White,United Kingdom,United Kingdom,United Kingdom,English,Yes,DATA_EXPIRED
6720d1add15d2dade5c8ac11,616af671eb2b0b1ca4947cff,APPROVED,Not Applicable,2024-10-29T12:15:06.190000Z,2024-10-29T12:41:13.022000Z,2024-10-31T11:17:56.780000Z,2024-10-29T12:41:14.053765Z,1567,C1DDOZYB,565,45,Male,White,Portugal,Portugal,Portugal,Portuguese,No,Full-Time
6720d26c2f29a365e95928c2,664d01a8e8a3420b747c6c26,APPROVED,Not Applicable,2024-10-29T12:18:03.087000Z,2024-10-29T12:58:07.534000Z,2024-10-31T11:17:57.060000Z,2024-10-29T12:58:20.970246Z,2405,C1DDOZYB,77,23,Male,Black,Kenya,Kenya,Kenya,Swahili,No,Part-Time
6720d37538e46b7deb8e03f7,61501f8fdda44b1783c3556b,APPROVED,Not Applicable,2024-10-29T12:22:21.604000Z,2024-10-29T13:17:08.147000Z,2024-10-31T11:17:57.322000Z,2024-10-29T13:17:49.554870Z,3287,C1DDOZYB,383,24,Male,Black,South Africa,South Africa,South Africa,English,Yes,Unemployed (and job seeking)
6720d52e585e062afaef7a0f,60b3677baee71d7d2b05738d,APPROVED,Not Applicable,2024-10-29T12:31:02.292000Z,2024-10-29T13:08:10.534000Z,2024-10-31T11:17:57.575000Z,2024-10-29T13:08:56.068047Z,2229,C1DDOZYB,263,25,Male,Mixed,South Africa,South Africa,South Africa,Afrikaans,Yes,Full-Time
6720d689803c611a6ccd2bf0,66af8c7213537c8f0265065b,APPROVED,Not Applicable,2024-10-29T12:38:00.438000Z,2024-10-29T13:01:44.726000Z,2024-10-31T11:17:57.843000Z,2024-10-29T13:02:35.625756Z,1425,C1DDOZYB,235,36,Male,White,United Kingdom,United Kingdom,United Kingdom,English,No,Full-Time
6720d6e12a4fccf71557025c,60fb1cab39fd626cb9dc093b,APPROVED,Not Applicable,2024-10-29T12:39:16.177000Z,2024-10-29T13:49:16.724000Z,2024-10-31T11:17:58.115000Z,2024-10-29T13:49:17.434562Z,4201,C1DDOZYB,432,30,Female,Black,South Africa,South Africa,South Africa,English,Yes,Full-Time
6720d8038a12cc242107291a,5f24891abbc6190706421642,APPROVED,Not Applicable,2024-10-29T12:41:51.436000Z,2024-10-29T13:29:58.680000Z,2024-10-31T11:17:58.358000Z,2024-10-29T13:30:03.547175Z,2888,C1DDOZYB,1461,34,Male,White,United States,Mexico,United States,English,No,Full-Time
6720db73c41bd190462e8c54,6638a9fb0e17846cb62e34f5,APPROVED,Not Applicable,2024-10-29T12:56:41.683000Z,2024-10-29T13:41:30.481000Z,2024-10-31T11:17:58.649000Z,2024-10-29T13:41:36.298447Z,2689,C1DDOZYB,143,46,Male,Asian,India,India,India,English,No,Full-Time
6720dc582e5299b98ae99226,668be776cc2551e8279790a6,APPROVED,Not Applicable,2024-10-29T13:00:08.838000Z,2024-10-29T13:31:07.384000Z,2024-10-31T11:17:58.892000Z,2024-10-29T13:31:16.105241Z,1859,C1DDOZYB,104,33,Male,White,Italy,Italy,Italy,Italian,No,Full-Time
6720dce9674d9b184bdbf284,660ec42949f31110e4d0a467,APPROVED,Not Applicable,2024-10-29T13:02:52.876000Z,2024-10-29T13:49:28.655000Z,2024-10-31T11:17:59.187000Z,2024-10-29T13:49:29.391038Z,2796,C1DDOZYB,110,24,Male,White,Greece,Greece,Greece,Greek,No,"Not in paid work (e.g. homemaker', 'retired or disabled)"
6720ddab7c331d1a2406d310,66be00da56d8a60fd8ccf6ce,APPROVED,Not Applicable,2024-10-29T13:05:47.923000Z,2024-10-29T13:37:29.349000Z,2024-10-31T11:17:59.448000Z,2024-10-29T13:37:53.103822Z,1902,C1DDOZYB,46,35,Male,White,South Africa,South Africa,South Africa,Afrikaans,No,Unemployed (and job seeking)
6720df2f9770f748f592fa73,5c636bc3302b1e0001e69dce,APPROVED,Not Applicable,2024-10-29T13:12:20.174000Z,2024-10-29T13:41:44.716000Z,2024-10-31T11:17:59.719000Z,2024-10-29T13:41:49.780531Z,1765,C1DDOZYB,947,36,Male,White,United Kingdom,United Kingdom,United Kingdom,English,No,"Not in paid work (e.g. homemaker', 'retired or disabled)"
6720e1f2282245c5b5bbf765,669588880e37b3130e0ae696,APPROVED,Not Applicable,2024-10-29T13:24:13.830000Z,2024-10-29T13:57:25.291000Z,2024-10-31T11:17:59.972000Z,2024-10-29T13:57:25.845741Z,1992,C1DDOZYB,13,26,Male,White,Hungary,Hungary,Hungary,Hungarian,No,Full-Time
6720e358494fb29d9cc8c792,5daedef18484bc0014bd0e4d,APPROVED,Not Applicable,2024-10-29T13:31:10.913000Z,2024-10-29T13:59:23.068000Z,2024-10-31T11:18:00.243000Z,2024-10-29T13:59:24.990283Z,1693,C1DDOZYB,226,32,Male,White,Poland,Poland,Poland,Polish,Yes,Due to start a new job within the next month
6720e70ec9794501e542f14b,5ac38396a3ba7a0001b48e68,APPROVED,Not Applicable,2024-10-29T13:45:53.071000Z,2024-10-29T14:23:20.801000Z,2024-10-31T11:18:00.522000Z,2024-10-29T14:23:52.553053Z,2248,C1DDOZYB,182,25,Male,White,United Kingdom,United Kingdom,United Kingdom,English,No,Full-Time
6720eee6a54f97950abd2b14,66019b44b0df74573b9f7efe,APPROVED,Not Applicable,2024-10-29T14:24:01.148000Z,2024-10-29T14:49:41.887000Z,2024-10-31T11:18:00.837000Z,2024-10-29T14:49:42.661265Z,1541,C1DDOZYB,157,36,Male,White,Denmark,Denmark,Denmark,Danish,No,Full-Time
6720eeecc9812df46434011b,656a1e9bfe871ac6a31c918e,APPROVED,Not Applicable,2024-10-29T14:19:24.198000Z,2024-10-29T14:59:01.412000Z,2024-10-31T11:18:01.100000Z,2024-10-29T15:00:23.088012Z,2378,C1DDOZYB,332,54,Male,White,United Kingdom,France,United Kingdom,English,No,Full-Time
6720eef0e0ca9bd13039ebfd,5e7607c3dec4561735fbc3f2,APPROVED,Not Applicable,2024-10-29T14:19:36.415000Z,2024-10-29T15:04:39.266000Z,2024-10-31T11:18:01.358000Z,2024-10-29T15:04:40.274889Z,2703,C1DDOZYB,791,32,Male,White,Estonia,Estonia,Estonia,Estonian,No,Part-Time
6720ef1a4ac5cb12a0fa3d88,5730f0a7dd6617000ed945c9,APPROVED,Not Applicable,2024-10-29T14:20:10.896000Z,2024-10-29T14:53:39.434000Z,2024-10-31T11:18:01.637000Z,2024-10-29T14:53:41.041168Z,2009,C1DDOZYB,691,29,Female,White,Estonia,Estonia,Estonia,Estonian,DATA_EXPIRED,DATA_EXPIRED
6720ef209ff2188c5d33ff0d,666af1d5140d31978fe67be0,APPROVED,Not Applicable,2024-10-29T14:20:59.316000Z,2024-10-29T15:08:39.631000Z,2024-10-31T11:18:01.906000Z,2024-10-29T15:09:17.773807Z,2861,C1DDOZYB,128,34,Male,White,Spain,Spain,Spain,Spanish,Yes,Full-Time
6720ef20b04438421b62d915,5d696d1c55742f001af29220,APPROVED,Not Applicable,2024-10-29T14:20:22.885000Z,2024-10-29T14:54:05.986000Z,2024-10-31T11:18:02.170000Z,2024-10-29T14:54:36.472161Z,2024,C1DDOZYB,2776,23,Female,White,United Kingdom,United Kingdom,United Kingdom,English,Yes,Full-Time
6720ef281a39c76c92c27c05,653bee4e20de33bbd08c46c5,APPROVED,Not Applicable,2024-10-29T14:22:26.811000Z,2024-10-29T14:55:01.500000Z,2024-10-31T11:18:02.441000Z,2024-10-29T14:55:39.342546Z,1955,C1DDOZYB,1050,54,Male,White,United Kingdom,United Kingdom,United Kingdom,English,No,"Not in paid work (e.g. homemaker', 'retired or disabled)"
6720ef31d72a7052e4bc83ce,654cb5da6bb60c3674457a8c,APPROVED,Not Applicable,2024-10-29T14:30:03.780000Z,2024-10-29T15:09:37.991000Z,2024-10-31T11:18:03.336000Z,2024-10-29T15:11:20.244849Z,2375,C1DDOZYB,381,37,Male,White,Germany,Germany,Germany,German,No,Unemployed (and job seeking)
6720ef35d70d9e201a89b036,6497e970e2621e753513a695,APPROVED,Not Applicable,2024-10-29T14:21:35.260000Z,2024-10-29T14:59:59.531000Z,2024-10-31T11:18:03.626000Z,2024-10-29T15:01:05.867715Z,2305,C1DDOZYB,500,24,Female,Black,South Africa,South Africa,South Africa,English,No,Full-Time
6720efef82d2c1e5395a2006,55bfa394fdf99b38606a5176,APPROVED,Not Applicable,2024-10-29T14:23:48.778000Z,2024-10-29T14:51:51.118000Z,2024-10-31T11:18:03.890000Z,2024-10-29T14:51:51.781536Z,1683,C1DDOZYB,5092,46,Female,White,United States,United States,United States,English,No,Full-Time
672114a1493d43f1bede517b,66661c1c09b6d73da6f4fa15,APPROVED,Not Applicable,2024-10-29T17:00:17.252000Z,2024-10-29T17:50:21.069000Z,2024-10-31T11:18:04.155000Z,2024-10-29T17:52:19.716192Z,3004,C1DDOZYB,58,22,Female,White,Croatia,Croatia,Croatia,Croatian,Yes,"Not in paid work (e.g. homemaker', 'retired or disabled)"
672114ab169b511ec4247e2e,5eadaff848b26f4483ae62d9,APPROVED,Not Applicable,2024-10-29T17:01:11.847000Z,2024-10-29T17:26:32.600000Z,2024-10-31T11:18:04.419000Z,2024-10-29T17:26:36.052101Z,1521,C1DDOZYB,4066,43,Male,White,United Kingdom,United Kingdom,United Kingdom,English,No,Full-Time
672114b5875c26bdc91f9b89,614f913c7a896b56967140f7,APPROVED,Not Applicable,2024-10-29T17:02:38.036000Z,2024-10-29T18:10:55.893000Z,2024-10-31T11:18:04.690000Z,2024-10-29T18:11:22.843820Z,4098,C1DDOZYB,38,28,Male,Black,South Africa,South Africa,South Africa,English,No,Full-Time
672114bf2d5c3c5c40b2419f,5f895f20186c77000895040c,APPROVED,Not Applicable,2024-10-29T17:00:47.494000Z,2024-10-29T17:47:25.311000Z,2024-10-31T11:18:04.955000Z,2024-10-29T17:48:27.022740Z,2798,C1DDOZYB,415,45,Male,White,Greece,Greece,Greece,Greek,Yes,Full-Time
672114d0fced14b685d2fd47,668a9e53e7690b3b64d48e92,APPROVED,Not Applicable,2024-10-29T17:08:55.622000Z,2024-10-29T17:49:09.335000Z,2024-10-31T11:18:05.208000Z,2024-10-29T17:49:22.018590Z,2414,C1DDOZYB,335,47,Male,Asian,United Kingdom,United Kingdom,United Kingdom,English,No,Full-Time
671bc2b1df704a9abd2dd9e2,6673902c96ffd6a12297cba3,RETURNED,Not Applicable,2024-10-25T16:09:57.048000Z,,,,,,313,CONSENT_REVOKED,CONSENT_REVOKED,CONSENT_REVOKED,CONSENT_REVOKED,CONSENT_REVOKED,CONSENT_REVOKED,CONSENT_REVOKED,CONSENT_REVOKED,CONSENT_REVOKED
671bc3881e53f29d0f830aa1,6617be7ee3f812d8258171d4,RETURNED,Not Applicable,2024-10-25T16:15:59.878000Z,,,,,,101,CONSENT_REVOKED,CONSENT_REVOKED,CONSENT_REVOKED,CONSENT_REVOKED,CONSENT_REVOKED,CONSENT_REVOKED,CONSENT_REVOKED,CONSENT_REVOKED,CONSENT_REVOKED
671bc49a953b7ef32bfbae8f,5f06eefaf3fc742667b4e79d,RETURNED,Not Applicable,2024-10-25T16:18:55.170000Z,,,,,,1775,CONSENT_REVOKED,CONSENT_REVOKED,CONSENT_REVOKED,CONSENT_REVOKED,CONSENT_REVOKED,CONSENT_REVOKED,CONSENT_REVOKED,CONSENT_REVOKED,CONSENT_REVOKED
671cad6878c1624a723eb7ca,669b62f2896ecc9457720317,RETURNED,Not Applicable,2024-10-26T08:51:07.546000Z,,,,,,75,CONSENT_REVOKED,CONSENT_REVOKED,CONSENT_REVOKED,CONSENT_REVOKED,CONSENT_REVOKED,CONSENT_REVOKED,CONSENT_REVOKED,CONSENT_REVOKED,CONSENT_REVOKED
671cadc6d64f90030a9e261e,662f80171c8fe603ca34d904,RETURNED,Not Applicable,2024-10-26T08:55:13.017000Z,,,,,,119,CONSENT_REVOKED,CONSENT_REVOKED,CONSENT_REVOKED,CONSENT_REVOKED,CONSENT_REVOKED,CONSENT_REVOKED,CONSENT_REVOKED,CONSENT_REVOKED,CONSENT_REVOKED
671caf27033d773430fa516f,6656e08a679413a065316408,REJECTED,Not Applicable,2024-10-26T08:58:21.087000Z,2024-10-26T10:14:49.524000Z,2024-10-31T11:15:58.952000Z,2024-10-26T10:15:24.098000Z,4589,NOCODE,108,CONSENT_REVOKED,CONSENT_REVOKED,CONSENT_REVOKED,CONSENT_REVOKED,CONSENT_REVOKED,CONSENT_REVOKED,CONSENT_REVOKED,CONSENT_REVOKED,CONSENT_REVOKED
671cb751dc0489faede58d02,66a74321ea5222845be9857f,RETURNED,Not Applicable,2024-10-26T09:43:05.538000Z,,,,,,94,CONSENT_REVOKED,CONSENT_REVOKED,CONSENT_REVOKED,CONSENT_REVOKED,CONSENT_REVOKED,CONSENT_REVOKED,CONSENT_REVOKED,CONSENT_REVOKED,CONSENT_REVOKED
671cc3b817a14b5a0da04d82,66d9596bc59d5b7770ba7bc0,RETURNED,Not Applicable,2024-10-26T10:26:14.660000Z,,,,,,282,CONSENT_REVOKED,CONSENT_REVOKED,CONSENT_REVOKED,CONSENT_REVOKED,CONSENT_REVOKED,CONSENT_REVOKED,CONSENT_REVOKED,CONSENT_REVOKED,CONSENT_REVOKED
671cc40dd5b7ecf82d52c86f,661e7270befab50c9acb0bed,RETURNED,Not Applicable,2024-10-26T10:37:25.223000Z,,,,,,212,CONSENT_REVOKED,CONSENT_REVOKED,CONSENT_REVOKED,CONSENT_REVOKED,CONSENT_REVOKED,CONSENT_REVOKED,CONSENT_REVOKED,CONSENT_REVOKED,CONSENT_REVOKED
671cda14b9e5357376cee8b7,616410529bf3660626527235,RETURNED,Not Applicable,2024-10-26T12:01:29.440000Z,,,,,,1807,CONSENT_REVOKED,CONSENT_REVOKED,CONSENT_REVOKED,CONSENT_REVOKED,CONSENT_REVOKED,CONSENT_REVOKED,CONSENT_REVOKED,CONSENT_REVOKED,CONSENT_REVOKED
671cdba7d5b7ecf82d52cdf4,5eefd6b37da4d24c8af3bcbc,RETURNED,Not Applicable,2024-10-26T12:08:24.453000Z,,,,,,1777,CONSENT_REVOKED,CONSENT_REVOKED,CONSENT_REVOKED,CONSENT_REVOKED,CONSENT_REVOKED,CONSENT_REVOKED,CONSENT_REVOKED,CONSENT_REVOKED,CONSENT_REVOKED
671cdf61f696c5952e41e664,66d7959aba51f2dbbfa4bd52,RETURNED,Not Applicable,2024-10-26T12:24:09.955000Z,,,,,,646,CONSENT_REVOKED,CONSENT_REVOKED,CONSENT_REVOKED,CONSENT_REVOKED,CONSENT_REVOKED,CONSENT_REVOKED,CONSENT_REVOKED,CONSENT_REVOKED,CONSENT_REVOKED
671ce1e1f039f8a9b5e56077,666b03ddc25885c2f3dd0b97,RETURNED,Not Applicable,2024-10-26T12:35:05.632000Z,,,,,,107,CONSENT_REVOKED,CONSENT_REVOKED,CONSENT_REVOKED,CONSENT_REVOKED,CONSENT_REVOKED,CONSENT_REVOKED,CONSENT_REVOKED,CONSENT_REVOKED,CONSENT_REVOKED
671cecbd76cfcdecff4bb1c2,5bdcdbe6ee652a0001eff5f2,RETURNED,Not Applicable,2024-10-26T13:21:01.340000Z,,,,,,696,CONSENT_REVOKED,CONSENT_REVOKED,CONSENT_REVOKED,CONSENT_REVOKED,CONSENT_REVOKED,CONSENT_REVOKED,CONSENT_REVOKED,CONSENT_REVOKED,CONSENT_REVOKED
671cefbcf53b1a5e2f3e88ca,66b792a09354b3fa1a3c5af9,RETURNED,Not Applicable,2024-10-26T13:44:00.046000Z,,,,,,490,CONSENT_REVOKED,CONSENT_REVOKED,CONSENT_REVOKED,CONSENT_REVOKED,CONSENT_REVOKED,CONSENT_REVOKED,CONSENT_REVOKED,CONSENT_REVOKED,CONSENT_REVOKED
671cf0035dd69ce9fab757a8,669f72d270f05c45d9af907c,RETURNED,Not Applicable,2024-10-26T13:35:30.246000Z,,,,,,379,CONSENT_REVOKED,CONSENT_REVOKED,CONSENT_REVOKED,CONSENT_REVOKED,CONSENT_REVOKED,CONSENT_REVOKED,CONSENT_REVOKED,CONSENT_REVOKED,CONSENT_REVOKED
671cf0be8d56f868207f906a,5bb7aae585ac1e000108c7f6,RETURNED,Not Applicable,2024-10-26T13:42:33.886000Z,,,,,,1004,CONSENT_REVOKED,CONSENT_REVOKED,CONSENT_REVOKED,CONSENT_REVOKED,CONSENT_REVOKED,CONSENT_REVOKED,CONSENT_REVOKED,CONSENT_REVOKED,CONSENT_REVOKED
671cf1a225a93afa756244ab,66b21feb3affee11c48f6bed,RETURNED,Not Applicable,2024-10-26T13:42:06.986000Z,,,,,,43,CONSENT_REVOKED,CONSENT_REVOKED,CONSENT_REVOKED,CONSENT_REVOKED,CONSENT_REVOKED,CONSENT_REVOKED,CONSENT_REVOKED,CONSENT_REVOKED,CONSENT_REVOKED
671cf38099199a4c89b90657,615dd36156bf443246c0b660,RETURNED,Not Applicable,2024-10-26T13:51:49.723000Z,,,,,,878,CONSENT_REVOKED,CONSENT_REVOKED,CONSENT_REVOKED,CONSENT_REVOKED,CONSENT_REVOKED,CONSENT_REVOKED,CONSENT_REVOKED,CONSENT_REVOKED,CONSENT_REVOKED
671cf4e48e0d7909900b77de,664ba1d1d71301161344e2a5,RETURNED,Not Applicable,2024-10-26T13:56:46.335000Z,,,,,,655,CONSENT_REVOKED,CONSENT_REVOKED,CONSENT_REVOKED,CONSENT_REVOKED,CONSENT_REVOKED,CONSENT_REVOKED,CONSENT_REVOKED,CONSENT_REVOKED,CONSENT_REVOKED
671cf642e6b74b607180195e,60b82d1a568805f9b20e5167,TIMED-OUT,Not Applicable,2024-10-26T14:02:07.488000Z,,,,11821727,,238,31,Female,Black,South Africa,South Africa,South Africa,English,DATA_EXPIRED,DATA_EXPIRED
671cf863f1d0c7f007de73d1,664fc6ec0beb5400a141b77b,RETURNED,Not Applicable,2024-10-26T14:10:54.425000Z,,,,,,1479,CONSENT_REVOKED,CONSENT_REVOKED,CONSENT_REVOKED,CONSENT_REVOKED,CONSENT_REVOKED,CONSENT_REVOKED,CONSENT_REVOKED,CONSENT_REVOKED,CONSENT_REVOKED
671cf9f2bff48a696128e850,5bf01b3e2a9d2c00013ddc2a,RETURNED,Not Applicable,2024-10-26T14:17:51.988000Z,,,,,,871,CONSENT_REVOKED,CONSENT_REVOKED,CONSENT_REVOKED,CONSENT_REVOKED,CONSENT_REVOKED,CONSENT_REVOKED,CONSENT_REVOKED,CONSENT_REVOKED,CONSENT_REVOKED
671cfb12e1d1abd966ff7516,60a020fe6b59323208518e14,RETURNED,Not Applicable,2024-10-26T14:24:23.961000Z,,,,,,175,CONSENT_REVOKED,CONSENT_REVOKED,CONSENT_REVOKED,CONSENT_REVOKED,CONSENT_REVOKED,CONSENT_REVOKED,CONSENT_REVOKED,CONSENT_REVOKED,CONSENT_REVOKED
671cfd7a926c81aacc7d0b1d,5d595e7b6c04b2001a1edb29,REJECTED,Not Applicable,2024-10-26T14:39:45.979000Z,2024-10-26T14:43:07.053000Z,2024-10-28T12:21:31.357000Z,2024-10-26T14:43:49.164000Z,202,NOCODE,959,CONSENT_REVOKED,CONSENT_REVOKED,CONSENT_REVOKED,CONSENT_REVOKED,CONSENT_REVOKED,CONSENT_REVOKED,CONSENT_REVOKED,CONSENT_REVOKED,CONSENT_REVOKED
671d017478c1624a723ecb7a,651abfe6c139626c60916450,RETURNED,Not Applicable,2024-10-26T14:49:31.740000Z,,,,,,190,CONSENT_REVOKED,CONSENT_REVOKED,CONSENT_REVOKED,CONSENT_REVOKED,CONSENT_REVOKED,CONSENT_REVOKED,CONSENT_REVOKED,CONSENT_REVOKED,CONSENT_REVOKED
671d04376d2a1701c97d0a12,65590b632aa62dd31aabb6e1,RETURNED,Not Applicable,2024-10-26T15:04:10.418000Z,,,,,,360,CONSENT_REVOKED,CONSENT_REVOKED,CONSENT_REVOKED,CONSENT_REVOKED,CONSENT_REVOKED,CONSENT_REVOKED,CONSENT_REVOKED,CONSENT_REVOKED,CONSENT_REVOKED
671d04dfada6d945b91ee5df,64e38492ebc4a302f279be02,RETURNED,Not Applicable,2024-10-26T15:04:27.389000Z,,,,,,224,CONSENT_REVOKED,CONSENT_REVOKED,CONSENT_REVOKED,CONSENT_REVOKED,CONSENT_REVOKED,CONSENT_REVOKED,CONSENT_REVOKED,CONSENT_REVOKED,CONSENT_REVOKED
671d0510c6f5d2e81501dd25,66c207b3425439097830e028,RETURNED,Not Applicable,2024-10-26T15:04:54.186000Z,,,,,,77,CONSENT_REVOKED,CONSENT_REVOKED,CONSENT_REVOKED,CONSENT_REVOKED,CONSENT_REVOKED,CONSENT_REVOKED,CONSENT_REVOKED,CONSENT_REVOKED,CONSENT_REVOKED
671d279b4d46d33523b6b552,66b60dafb85ab92bec7dbbc1,RETURNED,Not Applicable,2024-10-26T17:32:16.814000Z,,,,,,332,CONSENT_REVOKED,CONSENT_REVOKED,CONSENT_REVOKED,CONSENT_REVOKED,CONSENT_REVOKED,CONSENT_REVOKED,CONSENT_REVOKED,CONSENT_REVOKED,CONSENT_REVOKED
671d38374018631abffa4816,66644f7feb0727f0260cb37e,RETURNED,Not Applicable,2024-10-26T18:43:09.784000Z,,,,,,560,CONSENT_REVOKED,CONSENT_REVOKED,CONSENT_REVOKED,CONSENT_REVOKED,CONSENT_REVOKED,CONSENT_REVOKED,CONSENT_REVOKED,CONSENT_REVOKED,CONSENT_REVOKED
671d4030f27fc1907402e9d7,65d49feb75a83891441e3abc,RETURNED,Not Applicable,2024-10-26T19:28:00.050000Z,,,,,,122,CONSENT_REVOKED,CONSENT_REVOKED,CONSENT_REVOKED,CONSENT_REVOKED,CONSENT_REVOKED,CONSENT_REVOKED,CONSENT_REVOKED,CONSENT_REVOKED,CONSENT_REVOKED
671de141f039f8a9b5e59632,66e5a83228cf6046bd8f1d64,RETURNED,Not Applicable,2024-10-27T06:44:24.104000Z,,,,,,236,CONSENT_REVOKED,CONSENT_REVOKED,CONSENT_REVOKED,CONSENT_REVOKED,CONSENT_REVOKED,CONSENT_REVOKED,CONSENT_REVOKED,CONSENT_REVOKED,CONSENT_REVOKED
671e18963e0f8d14646aa59f,5f60713e595007000a8e1da7,RETURNED,Not Applicable,2024-10-27T10:40:22.730000Z,2024-10-27T12:03:03.570000Z,,2024-10-27T12:03:22.066000Z,,NOCODE,1721,CONSENT_REVOKED,CONSENT_REVOKED,CONSENT_REVOKED,CONSENT_REVOKED,CONSENT_REVOKED,CONSENT_REVOKED,CONSENT_REVOKED,CONSENT_REVOKED,CONSENT_REVOKED
671e371ea6590103ea4b5086,669ad24315fcf110f94bc0eb,RETURNED,Not Applicable,2024-10-27T12:51:02.419000Z,,,,,,102,CONSENT_REVOKED,CONSENT_REVOKED,CONSENT_REVOKED,CONSENT_REVOKED,CONSENT_REVOKED,CONSENT_REVOKED,CONSENT_REVOKED,CONSENT_REVOKED,CONSENT_REVOKED
671e412242bca90ac21ee0fe,609959b59db017b59a4887ff,RETURNED,Not Applicable,2024-10-27T13:43:22.677000Z,,,,,,826,CONSENT_REVOKED,CONSENT_REVOKED,CONSENT_REVOKED,CONSENT_REVOKED,CONSENT_REVOKED,CONSENT_REVOKED,CONSENT_REVOKED,CONSENT_REVOKED,CONSENT_REVOKED
671e4666fdce7eeb9ebdc9e7,669974f158967b74e24aecda,RETURNED,Not Applicable,2024-10-27T13:56:36.593000Z,,,,,,334,CONSENT_REVOKED,CONSENT_REVOKED,CONSENT_REVOKED,CONSENT_REVOKED,CONSENT_REVOKED,CONSENT_REVOKED,CONSENT_REVOKED,CONSENT_REVOKED,CONSENT_REVOKED
671e64b4f696c5952e42361d,5ebc6d34046b2a0bc9f2b3b8,RETURNED,Not Applicable,2024-10-27T16:05:15.214000Z,,,,,,5281,CONSENT_REVOKED,CONSENT_REVOKED,CONSENT_REVOKED,CONSENT_REVOKED,CONSENT_REVOKED,CONSENT_REVOKED,CONSENT_REVOKED,CONSENT_REVOKED,CONSENT_REVOKED
671e66331a134d0a63ee8350,667c1e3f11a9e7229f84259c,RETURNED,Not Applicable,2024-10-27T16:18:59.585000Z,,,,,,593,CONSENT_REVOKED,CONSENT_REVOKED,CONSENT_REVOKED,CONSENT_REVOKED,CONSENT_REVOKED,CONSENT_REVOKED,CONSENT_REVOKED,CONSENT_REVOKED,CONSENT_REVOKED
671e749ecfbb4c3b8173dadd,5f63c23441886d11737a8c4f,RETURNED,Not Applicable,2024-10-27T17:13:12.408000Z,,,,,,312,CONSENT_REVOKED,CONSENT_REVOKED,CONSENT_REVOKED,CONSENT_REVOKED,CONSENT_REVOKED,CONSENT_REVOKED,CONSENT_REVOKED,CONSENT_REVOKED,CONSENT_REVOKED
671e760555b131560001d378,66b904b8c905d232ccc4a689,RETURNED,Not Applicable,2024-10-27T17:19:01.841000Z,,,,,,66,CONSENT_REVOKED,CONSENT_REVOKED,CONSENT_REVOKED,CONSENT_REVOKED,CONSENT_REVOKED,CONSENT_REVOKED,CONSENT_REVOKED,CONSENT_REVOKED,CONSENT_REVOKED
671e773f00519c8f7389f37d,5e870b82d43d19359212bf47,RETURNED,Not Applicable,2024-10-27T17:24:19.180000Z,,,,,,547,CONSENT_REVOKED,CONSENT_REVOKED,CONSENT_REVOKED,CONSENT_REVOKED,CONSENT_REVOKED,CONSENT_REVOKED,CONSENT_REVOKED,CONSENT_REVOKED,CONSENT_REVOKED
671e7b13f696c5952e423b31,5e06667850221303e42bdfc4,RETURNED,Not Applicable,2024-10-27T17:40:43.655000Z,,,,,,1403,CONSENT_REVOKED,CONSENT_REVOKED,CONSENT_REVOKED,CONSENT_REVOKED,CONSENT_REVOKED,CONSENT_REVOKED,CONSENT_REVOKED,CONSENT_REVOKED,CONSENT_REVOKED
671e7e3eee4630edd77d0769,66c351d620ec50c5c722f121,RETURNED,Not Applicable,2024-10-27T17:55:35.236000Z,,,,,,65,CONSENT_REVOKED,CONSENT_REVOKED,CONSENT_REVOKED,CONSENT_REVOKED,CONSENT_REVOKED,CONSENT_REVOKED,CONSENT_REVOKED,CONSENT_REVOKED,CONSENT_REVOKED
671e809902078054cfdbf919,6453c2df1b56ea2d0b96df79,RETURNED,Not Applicable,2024-10-27T18:04:09.842000Z,,,,,,507,CONSENT_REVOKED,CONSENT_REVOKED,CONSENT_REVOKED,CONSENT_REVOKED,CONSENT_REVOKED,CONSENT_REVOKED,CONSENT_REVOKED,CONSENT_REVOKED,CONSENT_REVOKED
671e933df696c5952e4240fa,6100904f5ea462cf2de87dfe,RETURNED,Not Applicable,2024-10-27T19:23:47.020000Z,,,,,,2097,CONSENT_REVOKED,CONSENT_REVOKED,CONSENT_REVOKED,CONSENT_REVOKED,CONSENT_REVOKED,CONSENT_REVOKED,CONSENT_REVOKED,CONSENT_REVOKED,CONSENT_REVOKED
671e9568657cbb6c44eb703a,6625793be2f6ade8ac4c58bb,RETURNED,Not Applicable,2024-10-27T19:32:56.511000Z,,,,,,133,CONSENT_REVOKED,CONSENT_REVOKED,CONSENT_REVOKED,CONSENT_REVOKED,CONSENT_REVOKED,CONSENT_REVOKED,CONSENT_REVOKED,CONSENT_REVOKED,CONSENT_REVOKED
671e9c5e9bdfdf66cae560a7,660d5c2e7246f533059561e0,RETURNED,Not Applicable,2024-10-27T20:02:44.368000Z,2024-10-27T20:53:24.735000Z,2024-10-31T11:14:54.641000Z,2024-10-27T20:53:25.587000Z,,NOCODE,862,CONSENT_REVOKED,CONSENT_REVOKED,CONSENT_REVOKED,CONSENT_REVOKED,CONSENT_REVOKED,CONSENT_REVOKED,CONSENT_REVOKED,CONSENT_REVOKED,CONSENT_REVOKED
671ea2afbc67f4dff60a02a5,5f327e4f90c88803fa5e8b23,RETURNED,Not Applicable,2024-10-27T20:29:35.590000Z,,,,,,243,CONSENT_REVOKED,CONSENT_REVOKED,CONSENT_REVOKED,CONSENT_REVOKED,CONSENT_REVOKED,CONSENT_REVOKED,CONSENT_REVOKED,CONSENT_REVOKED,CONSENT_REVOKED
671ea45a496bc1f7edf0f904,61333ed3b980f519ee86c45c,RETURNED,Not Applicable,2024-10-27T20:36:48.468000Z,,,,,,2698,CONSENT_REVOKED,CONSENT_REVOKED,CONSENT_REVOKED,CONSENT_REVOKED,CONSENT_REVOKED,CONSENT_REVOKED,CONSENT_REVOKED,CONSENT_REVOKED,CONSENT_REVOKED
671f58c9b0681f2dd838cfa7,669f7990dcff4f596eb09d9d,RETURNED,Not Applicable,2024-10-28T09:26:40.925000Z,,,,,,140,CONSENT_REVOKED,CONSENT_REVOKED,CONSENT_REVOKED,CONSENT_REVOKED,CONSENT_REVOKED,CONSENT_REVOKED,CONSENT_REVOKED,CONSENT_REVOKED,CONSENT_REVOKED
671f5d06912eeba4181172c2,63f7c60b1e096c2df51e3071,RETURNED,Not Applicable,2024-10-28T09:45:19.600000Z,,,,,,1912,CONSENT_REVOKED,CONSENT_REVOKED,CONSENT_REVOKED,CONSENT_REVOKED,CONSENT_REVOKED,CONSENT_REVOKED,CONSENT_REVOKED,CONSENT_REVOKED,CONSENT_REVOKED
671fb05de44fcbae5435ae1b,66aa5df28018eab98c18ee3a,REJECTED,Not Applicable,2024-10-28T15:43:54.962000Z,2024-10-28T16:54:05.260000Z,2024-10-31T11:15:34.086000Z,2024-10-28T16:54:43.208000Z,4211,NOCODE,73,CONSENT_REVOKED,CONSENT_REVOKED,CONSENT_REVOKED,CONSENT_REVOKED,CONSENT_REVOKED,CONSENT_REVOKED,CONSENT_REVOKED,CONSENT_REVOKED,CONSENT_REVOKED
671fb73d89d8121637514ef9,5fa317fdb76ab249d45f07aa,RETURNED,Not Applicable,2024-10-28T16:09:53.532000Z,,,,,,1280,CONSENT_REVOKED,CONSENT_REVOKED,CONSENT_REVOKED,CONSENT_REVOKED,CONSENT_REVOKED,CONSENT_REVOKED,CONSENT_REVOKED,CONSENT_REVOKED,CONSENT_REVOKED
671fbd72c070c911ee321bc5,666d924a6877d388448ac4b7,RETURNED,Not Applicable,2024-10-28T16:46:02.341000Z,,,,,,545,CONSENT_REVOKED,CONSENT_REVOKED,CONSENT_REVOKED,CONSENT_REVOKED,CONSENT_REVOKED,CONSENT_REVOKED,CONSENT_REVOKED,CONSENT_REVOKED,CONSENT_REVOKED
6720cfef164d414548b0c30e,6495f3b6e24ca28d0a3e3449,TIMED-OUT,Not Applicable,2024-10-29T12:07:11.704000Z,,,,11569424,,206,22,Male,Black,Zimbabwe,South Africa,Zimbabwe,English,Yes,Full-Time
6720dc4a272242c9766c05ba,608b445691f3225d81ca0f02,RETURNED,Not Applicable,2024-10-29T13:00:38.262000Z,,,,,,644,CONSENT_REVOKED,CONSENT_REVOKED,CONSENT_REVOKED,CONSENT_REVOKED,CONSENT_REVOKED,CONSENT_REVOKED,CONSENT_REVOKED,CONSENT_REVOKED,CONSENT_REVOKED
6720dd2dcd1a404b5aeeb907,66159ddb528ea605871b6e15,RETURNED,Not Applicable,2024-10-29T13:13:41.182000Z,,,,,,74,CONSENT_REVOKED,CONSENT_REVOKED,CONSENT_REVOKED,CONSENT_REVOKED,CONSENT_REVOKED,CONSENT_REVOKED,CONSENT_REVOKED,CONSENT_REVOKED,CONSENT_REVOKED
6720ea49f00ff74a5f4dc13a,66b26659cee77331828f6fe2,RETURNED,Not Applicable,2024-10-29T13:59:49.423000Z,,,,,,44,CONSENT_REVOKED,CONSENT_REVOKED,CONSENT_REVOKED,CONSENT_REVOKED,CONSENT_REVOKED,CONSENT_REVOKED,CONSENT_REVOKED,CONSENT_REVOKED,CONSENT_REVOKED